"ID","Description","GeneRatio","BgRatio","RichFactor","FoldEnrichment","zScore","pvalue","p.adjust","qvalue","geneID","Count"
"GO:0051960","regulation of nervous system development","26/293","463/18986",0.0561555075593952,3.63880022703986,7.19682517329782,1.55466321356604e-08,5.55014767243077e-05,4.33014617167973e-05,"CDON/SEMA3A/SLC7A5/WNT2/CXCL12/ASIC2/RND2/VEGFA/EGR2/FLRT3/LIF/PER2/EPHB2/SORL1/SEMA6D/ZNF365/CRABP2/DUSP10/LRRTM2/CDKN2B/TENM4/IL34/ROBO1/LRRN3/EPHB3/SLITRK6",26
"GO:0051962","positive regulation of nervous system development","20/293","297/18986",0.0673400673400673,4.36354443180382,7.31445495271169,4.03578443335953e-08,7.20387521354676e-05,5.62036084772069e-05,"CDON/SLC7A5/WNT2/CXCL12/ASIC2/RND2/VEGFA/EGR2/FLRT3/LIF/EPHB2/ZNF365/CRABP2/LRRTM2/TENM4/IL34/ROBO1/LRRN3/EPHB3/SLITRK6",20
"GO:0007411","axon guidance","17/293","236/18986",0.0720338983050847,4.66769827037658,7.0982055883892,1.64763418561803e-07,0.00015623818092994,0.000121894803697662,"CYFIP2/SEMA3A/RPS6KA5/SCN1B/CXCL12/UNC5B/VEGFA/EGR2/FLRT3/EPHB2/SEMA6D/EPHA5/KIAA1755/KALRN/ROBO1/EPHB3/PLEKHG4",17
"GO:0097485","neuron projection guidance","17/293","237/18986",0.0717299578059072,4.64800334096571,7.07522008543869,1.75056785355675e-07,0.00015623818092994,0.000121894803697662,"CYFIP2/SEMA3A/RPS6KA5/SCN1B/CXCL12/UNC5B/VEGFA/EGR2/FLRT3/EPHB2/SEMA6D/EPHA5/KIAA1755/KALRN/ROBO1/EPHB3/PLEKHG4",17
"GO:0043269","regulation of monoatomic ion transport","24/293","480/18986",0.05,3.23993174061433,6.22298467686042,4.79515558235859e-07,0.000342374108580403,0.000267115403598333,"NEDD4L/CAMK2A/PTGS2/P2RX7/BDKRB1/SCN1B/CXCL12/ASIC2/STIM2/RGS4/KCNS1/MCHR1/EPHB2/PRKG2/ANK2/ADRA2A/CLIC2/EPB41/SPTBN4/ADORA1/RRAD/PRKCE/KCNE3/SLC6A9",24
"GO:0007409","axonogenesis","23/293","459/18986",0.0501089324618736,3.24699041543049,6.10105050135222,8.06627986827589e-07,0.000478430892942632,0.000373264969106945,"CYFIP2/FGFR2/SEMA3A/RPS6KA5/SCN1B/CXCL12/UNC5B/RND2/VEGFA/PLPPR4/EGR2/FLRT3/EPHB2/SEMA6D/CRABP2/EPHA5/KIAA1755/KALRN/SPTBN4/ROBO1/EPHB3/SLITRK6/PLEKHG4",23
"GO:1903522","regulation of blood circulation","17/293","267/18986",0.0636704119850187,4.12575577456507,6.43974927138427,9.38099790083591e-07,0.000478430892942632,0.000373264969106945,"PTGS2/TGFB2/SCN1B/ASIC2/TBX18/RGS4/ADM2/PER2/PDE5A/ANK2/ADRA2A/CLIC2/SPTBN4/ADORA1/ARHGAP42/BDKRB2/KCNE3",17
"GO:0050767","regulation of neurogenesis","20/293","383/18986",0.0522193211488251,3.38374072126823,5.90019706822486,2.30344652482386e-06,0.00102791301170265,0.000801963092721571,"CDON/SEMA3A/SLC7A5/WNT2/CXCL12/RND2/VEGFA/EGR2/LIF/PER2/EPHB2/SORL1/SEMA6D/ZNF365/CRABP2/DUSP10/CDKN2B/TENM4/IL34/ROBO1",20
"GO:0010720","positive regulation of cell development","22/293","460/18986",0.0478260869565217,3.09906514319632,5.70576145415272,3.01457458050109e-06,0.00119578125026543,0.000932931501755073,"CDON/SLC7A5/WNT2/CXCL12/RND2/VEGFA/GPR68/EGR2/SOX4/TNFSF9/LIF/EPHB2/ZNF365/PDE5A/CRABP2/DUSP10/TENM4/IL34/INPP5D/ROBO1/EGR3/SOCS1",22
"GO:0010959","regulation of metal ion transport","20/293","408/18986",0.0490196078431373,3.17640366726896,5.56377628744563,5.95502963582353e-06,0.002125945579989,0.00165863246488306,"NEDD4L/CAMK2A/PTGS2/P2RX7/BDKRB1/SCN1B/CXCL12/STIM2/RGS4/KCNS1/MCHR1/ANK2/ADRA2A/CLIC2/EPB41/SPTBN4/ADORA1/RRAD/PRKCE/KCNE3",20
"GO:0043271","negative regulation of monoatomic ion transport","11/293","134/18986",0.082089552238806,5.31929091742652,6.2818237570145,7.50284696496292e-06,0.00243501487862888,0.00189976393007578,"NEDD4L/PTGS2/RGS4/EPHB2/PRKG2/ADRA2A/CLIC2/RRAD/PRKCE/KCNE3/SLC6A9",11
"GO:0007264","small GTPase-mediated signal transduction","22/293","491/18986",0.044806517311609,2.90340115248535,5.34987351270274,8.51118819826351e-06,0.00253207848898339,0.00197549157654432,"CDON/ARHGAP28/RAPGEF4/TGFB2/RND2/ARHGEF2/SIPA1L2/CDKN1A/AMOT/RHOJ/EPHB2/NGF/RGL1/PLK2/ADRA2A/KALRN/ARHGAP42/RRAD/ROBO1/RAP2B/PLEKHG4/DOK6",22
"GO:0042327","positive regulation of phosphorylation","21/293","479/18986",0.0438413361169102,2.84085872872238,5.10881072934065,1.89374355632342e-05,0.00520051115082663,0.00405736473686784,"PTGS2/CLSPN/TGFB2/RASSF2/VEGFA/ARHGEF2/PIK3R3/CDKN1A/LIF/PDE5A/ADRA2A/TNIK/ADCY8/IL34/PLPP3/NEK10/IL12A/ROBO1/CIMAP3/TNFSF15/TMEM119",21
"GO:0050673","epithelial cell proliferation","21/293","482/18986",0.0435684647302905,2.82317703539008,5.07597131332962,2.07699039023784e-05,0.00529632549510649,0.00413211772373633,"FGFR2/ESR1/TGFB2/HMOX1/WNT2/CXCL12/ST8SIA1/VEGFA/CDKN1A/SOX9/GDF5/FST/CCN3/VASH2/DUSP10/CDKN2B/BMPER/IL12A/ROBO1/EGR3/LGR4",21
"GO:0001934","positive regulation of protein phosphorylation","20/293","455/18986",0.043956043956044,2.84829164010051,4.99604541355089,2.889379848873e-05,0.00597766520254337,0.00466368926018864,"PTGS2/CLSPN/TGFB2/RASSF2/VEGFA/ARHGEF2/PIK3R3/CDKN1A/LIF/PDE5A/ADRA2A/TNIK/ADCY8/IL34/PLPP3/NEK10/IL12A/ROBO1/TNFSF15/TMEM119",20
"GO:0001503","ossification","20/293","456/18986",0.043859649122807,2.8420453865038,4.9847645104951,2.9803707456604e-05,0.00597766520254337,0.00466368926018864,"CHRDL2/FGFR2/PTGS2/P2RX7/RASSF2/KAZALD1/COL1A1/VEGFA/TENT5A/EGR2/TNFAIP6/SOX9/GDF5/CCN3/RSPO2/IGSF10/DNAI3/S1PR1/TMEM119/LGR4",20
"GO:0050807","regulation of synapse organization","16/293","312/18986",0.0512820512820513,3.3230069134506,5.179749176061,2.98938653518127e-05,0.00597766520254337,0.00466368926018864,"CYFIP2/LZTS1/CTTNBP2/RPS6KA5/ASIC2/PLPPR4/FLRT3/AMOT/EPHB2/LRRTM2/TUBA1A/LRRN3/EPHB3/SLITRK6/TUBB/COLQ",16
"GO:0034766","negative regulation of monoatomic ion transmembrane transport","9/293","103/18986",0.087378640776699,5.6620166340833,5.9395910267039,3.10083408538648e-05,0.00597766520254337,0.00466368926018864,"NEDD4L/RGS4/EPHB2/ADRA2A/CLIC2/RRAD/PRKCE/KCNE3/SLC6A9",9
"GO:0050769","positive regulation of neurogenesis","14/293","247/18986",0.0566801619433198,3.67279711486645,5.29347507867166,3.18139044393065e-05,0.00597766520254337,0.00466368926018864,"CDON/SLC7A5/WNT2/CXCL12/RND2/VEGFA/EGR2/LIF/EPHB2/ZNF365/CRABP2/TENM4/IL34/ROBO1",14
"GO:0043549","regulation of kinase activity","20/293","460/18986",0.0434782608695652,2.81733194836029,4.93994319993555,3.37054008041907e-05,0.00601641404354805,0.0046939205540994,"CLSPN/TGFB2/TRIB3/RASSF2/CDKN1A/EPHB2/PDE5A/WARS1/DUSP10/CDKN2B/ADRA2A/ADCY8/IL34/NEK10/LDB2/ROBO1/PKIA/CIMAP3/RAP2B/TNFSF15",20
"GO:0050803","regulation of synapse structure or activity","16/293","318/18986",0.050314465408805,3.26030866980059,5.08899498224693,3.76078879788164e-05,0.00639334095639878,0.00498799356350617,"CYFIP2/LZTS1/CTTNBP2/RPS6KA5/ASIC2/PLPPR4/FLRT3/AMOT/EPHB2/LRRTM2/TUBA1A/LRRN3/EPHB3/SLITRK6/TUBB/COLQ",16
"GO:0050927","positive regulation of positive chemotaxis","5/293","26/18986",0.192307692307692,12.4612759254397,7.32150028345805,4.26504848673472e-05,0.00659003299667986,0.00514144989214652,"CXCL12/VEGFA/PGF/ITGA2/S1PR1",5
"GO:0009612","response to mechanical stimulus","13/293","222/18986",0.0585585585585586,3.79451465116994,5.24348190852998,4.35186919124775e-05,0.00659003299667986,0.00514144989214652,"PTGS2/P2RX7/BDKRB1/CXCL12/ASIC2/COL1A1/SOX9/GDF5/PIEZO2/ITGA2/PKD1L2/TUBA1A/SLITRK6",13
"GO:0006935","chemotaxis","20/293","472/18986",0.0423728813559322,2.7457048649274,4.80829715864326,4.82980630637388e-05,0.00659003299667986,0.00514144989214652,"SEMA3A/TGFB2/CXCL12/VEGFA/PGF/TNFAIP6/FLRT3/AMOT/ACKR4/LSP1/CCN3/SEMA6D/CH25H/IL34/VCAM1/ITGA2/IL12A/ROBO1/S1PR1/EGR3",20
"GO:0048638","regulation of developmental growth","16/293","325/18986",0.0492307692307692,3.19008663691258,4.98580314569709,4.87893608384382e-05,0.00659003299667986,0.00514144989214652,"NEDD4L/FGFR2/SEMA3A/WNT2/CXCL12/RND2/VEGFA/RGS4/CDKN1A/GDF5/GDF15/SEMA6D/CRABP2/DUSP10/SPTBN4/COLQ",16
"GO:0051924","regulation of calcium ion transport","14/293","258/18986",0.0542635658914729,3.51620498981401,5.0945963464992,5.1171708206411e-05,0.00659003299667986,0.00514144989214652,"CAMK2A/PTGS2/P2RX7/BDKRB1/CXCL12/STIM2/RGS4/MCHR1/ANK2/ADRA2A/CLIC2/EPB41/RRAD/PRKCE",14
"GO:0042330","taxis","20/293","474/18986",0.0421940928270042,2.73411961233277,4.78675454099235,5.12143706338729e-05,0.00659003299667986,0.00514144989214652,"SEMA3A/TGFB2/CXCL12/VEGFA/PGF/TNFAIP6/FLRT3/AMOT/ACKR4/LSP1/CCN3/SEMA6D/CH25H/IL34/VCAM1/ITGA2/IL12A/ROBO1/S1PR1/EGR3",20
"GO:0050926","regulation of positive chemotaxis","5/293","27/18986",0.185185185185185,11.9997471874605,7.16071650797905,5.1686533307293e-05,0.00659003299667986,0.00514144989214652,"CXCL12/VEGFA/PGF/ITGA2/S1PR1",5
"GO:0002040","sprouting angiogenesis","12/293","196/18986",0.0612244897959184,3.96726335585429,5.22781664114021,5.56765573545374e-05,0.00685397619847236,0.0053473746192416,"PTGS2/HMOX1/VEGFA/PIK3R3/PGF/RHOJ/PLK2/BMPER/E2F7/IL12A/ROBO1/EGR3",12
"GO:0051965","positive regulation of synapse assembly","7/293","65/18986",0.107692307692308,6.97831451824626,6.04453647840011,6.28391237313161e-05,0.00747785572402662,0.00583411654010746,"ASIC2/FLRT3/EPHB2/LRRTM2/LRRN3/EPHB3/SLITRK6",7
"GO:0043278","response to morphine","4/293","15/18986",0.266666666666667,17.2796359499431,7.8966849998643,6.63244004362901e-05,0.0076380035341147,0.00595906158079537,"PPP1R1B/ADRA2A/ADCY8/PRKCE",4
"GO:0034762","regulation of transmembrane transport","20/293","487/18986",0.0410677618069815,2.66113489988857,4.64937809387432,7.43080936994874e-05,0.00819996231816452,0.00639749382098284,"NEDD4L/P2RX7/BDKRB1/TRIB3/SLC7A5/SCN1B/ASIC2/STIM2/RGS4/KCNS1/PER2/EPHB2/CNIH3/ANK2/ADRA2A/CLIC2/RRAD/PRKCE/KCNE3/SLC6A9",20
"GO:0046849","bone remodeling","8/293","90/18986",0.0888888888888889,5.75987864998104,5.66672064198419,7.57979710082434e-05,0.00819996231816452,0.00639749382098284,"P2RX7/RASSF2/GDF5/TNFRSF11B/INPP5D/S1PR1/TMEM119/LGR4",8
"GO:0014072","response to isoquinoline alkaloid","4/293","16/18986",0.25,16.1996587030717,7.61482224816351,8.73610848693678e-05,0.00878063285698323,0.00685052470575782,"PPP1R1B/ADRA2A/ADCY8/PRKCE",4
"GO:0045779","negative regulation of bone resorption","4/293","16/18986",0.25,16.1996587030717,7.61482224816351,8.73610848693678e-05,0.00878063285698323,0.00685052470575782,"P2RX7/TNFRSF11B/INPP5D/TMEM119",4
"GO:0060560","developmental growth involved in morphogenesis","13/293","238/18986",0.0546218487394958,3.53942122924255,4.93566141933614,8.85441968771419e-05,0.00878063285698323,0.00685052470575782,"NEDD4L/CYFIP2/FGFR2/SEMA3A/ESR1/CXCL12/RND2/VEGFA/SOX9/FLRT3/SEMA6D/CRABP2/S1PR1",13
"GO:0032413","negative regulation of ion transmembrane transporter activity","7/293","70/18986",0.1,6.47986348122867,5.75047492955769,0.00010132896634494,0.00977687594193073,0.00762777937265184,"NEDD4L/EPHB2/ADRA2A/CLIC2/RRAD/KCNE3/SLC6A9",7
"GO:0007265","Ras protein signal transduction","9/293","121/18986",0.0743801652892562,4.81973316785604,5.27711932087899,0.000109642830272495,0.010300655370337,0.008036424623297,"RAPGEF4/TGFB2/CDKN1A/EPHB2/NGF/RGL1/PLK2/ADRA2A/DOK6",9
"GO:0002042","cell migration involved in sprouting angiogenesis","8/293","96/18986",0.0833333333333333,5.39988623435722,5.41079017535208,0.00011973312165346,0.0109601857513552,0.00855098083387467,"PTGS2/HMOX1/VEGFA/PIK3R3/RHOJ/PLK2/ROBO1/EGR3",8
"GO:0045859","regulation of protein kinase activity","18/293","427/18986",0.0421545667447307,2.73155837616197,4.53078440602058,0.000122960157120548,0.0109741940230089,0.00856190988792027,"CLSPN/TGFB2/TRIB3/RASSF2/CDKN1A/EPHB2/PDE5A/WARS1/DUSP10/CDKN2B/ADRA2A/ADCY8/IL34/NEK10/ROBO1/PKIA/RAP2B/TNFSF15",18
"GO:0051051","negative regulation of transport","19/293","467/18986",0.0406852248394004,2.63634702662408,4.48254537071176,0.000126877063560407,0.0109807997265721,0.0085670635637652,"NEDD4L/PTGS2/RGS4/ACVR1C/LIF/EPHB2/CCN3/PRKG2/SH3GL3/LRRTM2/ADRA2A/CLIC2/ADORA1/RRAD/IL12A/PKIA/PRKCE/KCNE3/SLC6A9",19
"GO:0045670","regulation of osteoclast differentiation","7/293","73/18986",0.0958904109589041,6.21356772172612,5.58747825390799,0.00013240990100139,0.0109807997265721,0.0085670635637652,"RASSF2/GPR68/TNFAIP6/LRRC17/CAMK4/TNFRSF11B/INPP5D",7
"GO:0034765","regulation of monoatomic ion transmembrane transport","16/293","354/18986",0.0451977401129944,2.92875185592256,4.58614580740193,0.000132527770690719,0.0109807997265721,0.0085670635637652,"NEDD4L/P2RX7/BDKRB1/SCN1B/ASIC2/STIM2/RGS4/KCNS1/EPHB2/ANK2/ADRA2A/CLIC2/RRAD/PRKCE/KCNE3/SLC6A9",16
"GO:0046851","negative regulation of bone remodeling","4/293","18/18986",0.222222222222222,14.3996966249526,7.12065682650354,0.000143346724685767,0.0109807997265721,0.0085670635637652,"P2RX7/TNFRSF11B/INPP5D/TMEM119",4
"GO:0060688","regulation of morphogenesis of a branching structure","6/293","52/18986",0.115384615384615,7.47676555526385,5.8551532986516,0.000143915054100964,0.0109807997265721,0.0085670635637652,"FGFR2/ESR1/WNT2/VEGFA/SOX9/LGR4",6
"GO:0043410","positive regulation of MAPK cascade","19/293","472/18986",0.0402542372881356,2.60841962168103,4.4301643721183,0.000145536790588755,0.0109807997265721,0.0085670635637652,"CDON/FGFR2/SEMA3A/P2RX7/TGFB2/RASSF2/VEGFA/LIF/GDF15/PDE5A/ADRA2A/TNIK/IL34/ADORA1/NEK10/BMPER/ROBO1/PRKCE/DOK6",19
"GO:0046942","carboxylic acid transport","16/293","357/18986",0.0448179271708683,2.90414049578876,4.54713589862571,0.000145976676967178,0.0109807997265721,0.0085670635637652,"ABCB4/SLC7A14/PTGS2/P2RX7/ABCC6/SLC7A5/FOLR3/PLA2G4A/RGS4/SLC6A6/PER2/CRABP2/ADORA1/BDKRB2/SLC51B/SLC6A9",16
"GO:0015849","organic acid transport","16/293","358/18986",0.0446927374301676,2.89602837149885,4.53422261076746,0.000150716858992166,0.0109807997265721,0.0085670635637652,"ABCB4/SLC7A14/PTGS2/P2RX7/ABCC6/SLC7A5/FOLR3/PLA2G4A/RGS4/SLC6A6/PER2/CRABP2/ADORA1/BDKRB2/SLC51B/SLC6A9",16
"GO:0070482","response to oxygen levels","16/293","358/18986",0.0446927374301676,2.89602837149885,4.53422261076746,0.000150716858992166,0.0109807997265721,0.0085670635637652,"FGFR2/PTGS2/TGFB2/SLC7A5/CXCL12/COL1A1/VEGFA/PGF/CDKN1A/SOX4/LIF/VCAM1/ADORA1/ITGA2/AQP3/PRKCE",16
"GO:0033002","muscle cell proliferation","13/293","252/18986",0.0515873015873016,3.34278671650685,4.68724196540902,0.000156653568537606,0.0111850647935851,0.00872642826001065,"FGFR2/PTGS2/TGFB2/HMOX1/WNT2/CDKN1A/CCN3/TENM4/ITGA2/IL12A/S1PR1/DDIT3/JUN",13
"GO:0060047","heart contraction","13/293","253/18986",0.0513833992094862,3.32957412078943,4.67017048744813,0.000162897977787721,0.0113830106622915,0.0088808628077321,"NEDD4L/TGFB2/SCN1B/TBX18/RGS4/ADM2/PDE5A/ANK2/CLIC2/SPTBN4/ADORA1/SGCD/KCNE3",13
"GO:0030282","bone mineralization","9/293","128/18986",0.0703125,4.55615401023891,5.05402444573186,0.000168463432748687,0.0113830106622915,0.0088808628077321,"FGFR2/PTGS2/P2RX7/TENT5A/SOX9/RSPO2/S1PR1/TMEM119/LGR4",9
"GO:0032412","regulation of monoatomic ion transmembrane transporter activity","11/293","188/18986",0.0585106382978723,3.79140948369763,4.81555402586937,0.000168991474818334,0.0113830106622915,0.0088808628077321,"NEDD4L/SCN1B/STIM2/EPHB2/CNIH3/ANK2/ADRA2A/CLIC2/RRAD/KCNE3/SLC6A9",11
"GO:0090050","positive regulation of cell migration involved in sprouting angiogenesis","5/293","35/18986",0.142857142857143,9.25694783032667,6.12120754524899,0.000187889138499985,0.0122957680109252,0.00959298309211504,"PTGS2/HMOX1/VEGFA/RHOJ/PLK2",5
"GO:0002761","regulation of myeloid leukocyte differentiation","9/293","130/18986",0.0692307692307692,4.48605933315831,4.99322658249916,0.000189430599608092,0.0122957680109252,0.00959298309211504,"RASSF2/GPR68/TNFAIP6/LIF/LRRC17/CAMK4/IL34/TNFRSF11B/INPP5D",9
"GO:0006816","calcium ion transport","18/293","445/18986",0.0404494382022472,2.62106837442957,4.33225857134773,0.000204682345569609,0.0130484995300625,0.0101802535033305,"CAMK2A/PTGS2/P2RX7/BDKRB1/CXCL12/STIM2/RGS4/MCHR1/ANK2/ADRA2A/CLIC2/EPB41/PKD1L2/RRAD/CATSPER2/PRKCE/TMEM37/DDIT3",18
"GO:0003015","heart process","13/293","262/18986",0.049618320610687,3.21519943725087,4.52026368594307,0.000229420405337135,0.01436896222901,0.0112104596956982,"NEDD4L/TGFB2/SCN1B/TBX18/RGS4/ADM2/PDE5A/ANK2/CLIC2/SPTBN4/ADORA1/SGCD/KCNE3",13
"GO:0002686","negative regulation of leukocyte migration","6/293","57/18986",0.105263157894737,6.82090892760912,5.51015739739801,0.000240510133254503,0.0148038133744582,0.0115497243664503,"HMOX1/CXCL12/TNFAIP6/GDF15/CCN3/ADORA1",6
"GO:0022898","regulation of transmembrane transporter activity","11/293","197/18986",0.0558375634517767,3.61819788291956,4.6246977578252,0.00025370868072819,0.0151403193170419,0.0118122615105094,"NEDD4L/SCN1B/STIM2/EPHB2/CNIH3/ANK2/ADRA2A/CLIC2/RRAD/KCNE3/SLC6A9",11
"GO:2000027","regulation of animal organ morphogenesis","7/293","81/18986",0.0864197530864197,5.5998820208149,5.19398234918538,0.000254459148185578,0.0151403193170419,0.0118122615105094,"WNT2/VEGFA/SOX9/RSPO2/TNFRSF11B/ROBO1/LGR4",7
"GO:0030879","mammary gland development","9/293","136/18986",0.0661764705882353,4.28814495081309,4.81797274702145,0.000265770504570739,0.0155541098576646,0.0121350949973111,"FGFR2/ESR1/WNT2/VEGFA/NR3C1/SOX9/ITGA2/ROBO1/RXFP1",9
"GO:0051963","regulation of synapse assembly","10/293","168/18986",0.0595238095238095,3.85706159596945,4.65679500261236,0.000289698659041204,0.0166810356899532,0.0130143064825641,"CYFIP2/LZTS1/ASIC2/FLRT3/EPHB2/LRRTM2/LRRN3/EPHB3/SLITRK6/COLQ",10
"GO:0051952","regulation of amine transport","7/293","83/18986",0.0843373493975904,5.46494510465068,5.10375020843031,0.000295983249029684,0.0167723841116821,0.0130855752202597,"P2RX7/SLC7A5/CXCL12/RGS4/PER2/ADRA2A/ADORA1",7
"GO:1901890","positive regulation of cell junction assembly","8/293","110/18986",0.0727272727272727,4.71262798634812,4.88902660153045,0.000307281339847072,0.0171405372383445,0.0133728030466341,"ASIC2/VEGFA/FLRT3/EPHB2/LRRTM2/LRRN3/EPHB3/SLITRK6",8
"GO:0002685","regulation of leukocyte migration","12/293","236/18986",0.0508474576271186,3.29484583791288,4.44128342910073,0.000318206677309353,0.0174768898152983,0.0136352205370129,"HMOX1/BDKRB1/CXCL12/VEGFA/PGF/TNFAIP6/GDF15/CCN3/IL34/ADORA1/ITGA2/IL12A",12
"GO:0034104","negative regulation of tissue remodeling","4/293","22/18986",0.181818181818182,11.7815699658703,6.33472812610304,0.000326401098191127,0.0175521223721408,0.013693915906438,"P2RX7/TNFRSF11B/INPP5D/TMEM119",4
"GO:0050708","regulation of protein secretion","13/293","272/18986",0.0477941176470588,3.09699357558723,4.36111809703888,0.000329409579533175,0.0175521223721408,0.013693915906438,"P2RX7/RAPGEF4/TGFB2/GPR68/ACVR1C/SOX4/PER2/CCN3/EPHA5/ADRA2A/ADCY8/IL12A/PRKCE",13
"GO:0014013","regulation of gliogenesis","8/293","112/18986",0.0714285714285714,4.62847391516333,4.8217051469335,0.000347302170650092,0.0182333639591298,0.0142254108907143,"SLC7A5/EGR2/LIF/ZNF365/DUSP10/CDKN2B/TENM4/IL34",8
"GO:0050796","regulation of insulin secretion","10/293","173/18986",0.0578034682080925,3.74558582729981,4.5418067988984,0.000366090080353418,0.0189411824182855,0.0147776407721608,"RAPGEF4/GPR68/ACVR1C/SOX4/PER2/CCN3/EPHA5/ADRA2A/ADCY8/PRKCE",10
"GO:0002791","regulation of peptide secretion","11/293","207/18986",0.0531400966183575,3.44340571466258,4.42531444107334,0.00038741237644745,0.0192089270058207,0.014986531286275,"RAPGEF4/GPR68/ACVR1C/SOX4/PER2/CCN3/EPHA5/ADRA2A/ADCY8/ADORA1/PRKCE",11
"GO:0090087","regulation of peptide transport","11/293","207/18986",0.0531400966183575,3.44340571466258,4.42531444107334,0.00038741237644745,0.0192089270058207,0.014986531286275,"RAPGEF4/GPR68/ACVR1C/SOX4/PER2/CCN3/EPHA5/ADRA2A/ADCY8/ADORA1/PRKCE",11
"GO:0044773","mitotic DNA damage checkpoint signaling","7/293","87/18986",0.0804597701149425,5.2136832607587,4.93175744261042,0.000395329485852545,0.0192089270058207,0.014986531286275,"BRCA1/CLSPN/NEK11/CDKN1A/IER3/PLK2/E2F7",7
"GO:0008627","intrinsic apoptotic signaling pathway in response to osmotic stress","3/293","10/18986",0.3,19.439590443686,7.30211289176211,0.000402844621367422,0.0192089270058207,0.014986531286275,"PTGS2/ARHGEF2/BDKRB2",3
"GO:0060502","epithelial cell proliferation involved in lung morphogenesis","3/293","10/18986",0.3,19.439590443686,7.30211289176211,0.000402844621367422,0.0192089270058207,0.014986531286275,"FGFR2/WNT2/SOX9",3
"GO:0051091","positive regulation of DNA-binding transcription factor activity","11/293","208/18986",0.0528846153846154,3.42685087949593,4.40605282312848,0.000403548886676905,0.0192089270058207,0.014986531286275,"CAMK2A/ESR1/RPS6KA5/WNT2/ARHGEF2/IRAK2/EPHA5/ADCY8/PLPP3/DDIT3/RTKN2",11
"GO:0042063","gliogenesis","15/293","355/18986",0.0422535211267606,2.7379704850262,4.1384536766639,0.000437257941281889,0.0201471119846375,0.0157184898455995,"PHGDH/TGFB2/SLC7A5/NR3C1/EGR2/SOX4/SOX9/LIF/ZNF365/DUSP10/CDKN2B/TENM4/IL34/PLPP3/TUBA1A",15
"GO:0050770","regulation of axonogenesis","9/293","146/18986",0.0616438356164384,3.99443639253822,4.54726934155708,0.000448771237520352,0.0201471119846375,0.0157184898455995,"SEMA3A/CXCL12/RND2/VEGFA/EPHB2/SEMA6D/CRABP2/ROBO1/EPHB3",9
"GO:0010721","negative regulation of cell development","13/293","281/18986",0.0462633451957295,2.99780161053284,4.22402296331415,0.000449072991418787,0.0201471119846375,0.0157184898455995,"SEMA3A/VEGFA/GPR68/TNFAIP6/LRRC17/EPHB2/SORL1/SEMA6D/DUSP10/CDKN2B/TNFRSF11B/INPP5D/SOCS1",13
"GO:0051955","regulation of amino acid transport","5/293","42/18986",0.119047619047619,7.71412319193889,5.4535301200601,0.00045083727445842,0.0201471119846375,0.0157184898455995,"P2RX7/SLC7A5/RGS4/PER2/ADORA1",5
"GO:0048659","smooth muscle cell proliferation","10/293","178/18986",0.0561797752808989,3.6403727422633,4.43101828011547,0.000458582515608588,0.0201471119846375,0.0157184898455995,"FGFR2/PTGS2/HMOX1/CDKN1A/CCN3/ITGA2/IL12A/S1PR1/DDIT3/JUN",10
"GO:0099173","postsynapse organization","12/293","246/18986",0.048780487804878,3.1609090152335,4.27089455885117,0.000462451835383756,0.0201471119846375,0.0157184898455995,"CYFIP2/LZTS1/RPS6KA5/ASIC2/PLPPR4/LRRC4/EPHB2/ZNF365/LRRTM2/EPHB3/COLQ/FRRS1L",12
"GO:0045932","negative regulation of muscle contraction","4/293","24/18986",0.166666666666667,10.7997724687144,6.01421777709469,0.000462762796285791,0.0201471119846375,0.0157184898455995,"PTGS2/PDE5A/ADRA2A/ARHGAP42",4
"GO:0034763","negative regulation of transmembrane transport","9/293","147/18986",0.0612244897959184,3.96726335585429,4.52153030037429,0.000471700659093553,0.0202888114814938,0.0158290417750354,"NEDD4L/RGS4/EPHB2/ADRA2A/CLIC2/RRAD/PRKCE/KCNE3/SLC6A9",9
"GO:0002573","myeloid leukocyte differentiation","12/293","247/18986",0.048582995951417,3.14811181274267,4.25433576073046,0.000479508471075948,0.0203791100207278,0.0158994914093604,"RASSF2/VEGFA/NR3C1/GPR68/TNFAIP6/LIF/LRRC17/CAMK4/IL34/TNFRSF11B/INPP5D/SOCS1",12
"GO:0008016","regulation of heart contraction","11/293","213/18986",0.0516431924882629,3.34640837058758,4.31147794505022,0.000492947285549297,0.0205022785121888,0.0159955857122959,"TGFB2/SCN1B/TBX18/RGS4/ADM2/PDE5A/ANK2/CLIC2/SPTBN4/ADORA1/KCNE3",11
"GO:1905330","regulation of morphogenesis of an epithelium","6/293","65/18986",0.0923076923076923,5.98141244421108,5.0365916917036,0.000493892423542922,0.0205022785121888,0.0159955857122959,"ESR1/WNT2/VEGFA/SOX9/LIF/LGR4",6
"GO:0045124","regulation of bone resorption","5/293","43/18986",0.116279069767442,7.53472497817287,5.37077267370959,0.000503788482826459,0.020672699812534,0.0161285459837726,"P2RX7/TNFRSF11B/INPP5D/S1PR1/TMEM119",5
"GO:0044774","mitotic DNA integrity checkpoint signaling","7/293","91/18986",0.0769230769230769,4.9845103701759,4.77003776511308,0.000519706071755064,0.0210206819050078,0.0164000366565386,"BRCA1/CLSPN/NEK11/CDKN1A/IER3/PLK2/E2F7",7
"GO:0043270","positive regulation of monoatomic ion transport","11/293","215/18986",0.0511627906976744,3.31527899039606,4.27443250604394,0.000533071211919905,0.0210206819050078,0.0164000366565386,"CAMK2A/P2RX7/BDKRB1/SCN1B/CXCL12/STIM2/MCHR1/EPHB2/ANK2/ADRA2A/ADORA1",11
"GO:0031214","biomineral tissue development","10/293","182/18986",0.0549450549450549,3.56036455012564,4.34522216435811,0.000545863022416584,0.0210206819050078,0.0164000366565386,"FGFR2/PTGS2/P2RX7/COL1A1/TENT5A/SOX9/RSPO2/S1PR1/TMEM119/LGR4",10
"GO:0031915","positive regulation of synaptic plasticity","3/293","11/18986",0.272727272727273,17.6723549488055,6.92471662710435,0.000547597595844742,0.0210206819050078,0.0164000366565386,"PTGS2/EPHB2/ADCY8",3
"GO:0060736","prostate gland growth","3/293","11/18986",0.272727272727273,17.6723549488055,6.92471662710435,0.000547597595844742,0.0210206819050078,0.0164000366565386,"FGFR2/ESR1/SOX9",3
"GO:0140059","dendrite arborization","3/293","11/18986",0.272727272727273,17.6723549488055,6.92471662710435,0.000547597595844742,0.0210206819050078,0.0164000366565386,"SEMA3A/PHACTR1/ZNF365",3
"GO:0050900","leukocyte migration","16/293","404/18986",0.0396039603960396,2.56628256682324,3.98395272919967,0.000575992338369219,0.0218754537018948,0.0170669174392492,"TGFB2/HMOX1/BDKRB1/CXCL12/VEGFA/PGF/TNFAIP6/GDF15/CCN3/CH25H/IL34/VCAM1/ADORA1/ITGA2/IL12A/S1PR1",16
"GO:0032410","negative regulation of transporter activity","7/293","93/18986",0.0752688172043011,4.87731659877427,4.69269020220497,0.000592608360719975,0.0222695983975822,0.0173744235176183,"NEDD4L/EPHB2/ADRA2A/CLIC2/RRAD/KCNE3/SLC6A9",7
"GO:0051223","regulation of protein transport","17/293","446/18986",0.0381165919282511,2.4699031206477,3.93279115354374,0.000601442320076899,0.0223661362778597,0.0174497409969679,"PTGS2/P2RX7/RAPGEF4/TGFB2/GPR68/ACVR1C/SOX4/PER2/CCN3/SORL1/EPHA5/ADRA2A/ADCY8/IL12A/PKIA/PRKCE/SLC51B",17
"GO:0042886","amide transport","14/293","328/18986",0.0426829268292683,2.76579538832931,4.03872575275652,0.000610769860201875,0.0224788494940278,0.0175376782430186,"RAPGEF4/FOLR3/GPR68/ACVR1C/SOX4/PER2/CCN3/SLC14A1/EPHA5/ADRA2A/ADCY8/ADORA1/AQP3/PRKCE",14
"GO:0019229","regulation of vasoconstriction","6/293","68/18986",0.0882352941176471,5.71752660108412,4.87899992514321,0.000629719089256225,0.0229397668229053,0.0178972793788611,"PTGS2/ASIC2/PER2/ADRA2A/ARHGAP42/BDKRB2",6
"GO:0016049","cell growth","18/293","490/18986",0.036734693877551,2.38035801351257,3.87570292229401,0.00064357728966124,0.0232077871120265,0.0181063849914263,"BRCA1/NEDD4L/CYFIP2/IL17RB/SEMA3A/TGFB2/BDKRB1/CXCL12/KAZALD1/RND2/VEGFA/RGS4/CDKN1A/SOX9/FLRT3/CCN3/SEMA6D/CRABP2",18
"GO:0002696","positive regulation of leukocyte activation","15/293","371/18986",0.0404312668463612,2.61989089537547,3.94494367578455,0.000689194294573146,0.0244203769166012,0.0190524302878746,"TNFSF13B/PLA2G4A/CDKN1A/SOX4/TNFSF9/EPHB2/DUSP10/TSLP/ICOSLG/VCAM1/IL12A/INPP5D/EGR3/SOCS1/SLC39A10",15
"GO:0045687","positive regulation of glial cell differentiation","5/293","46/18986",0.108695652173913,7.04332987090073,5.13765381109815,0.000690884613046701,0.0244203769166012,0.0190524302878746,"EGR2/LIF/ZNF365/TENM4/IL34",5
"GO:0033674","positive regulation of kinase activity","12/293","258/18986",0.0465116279069767,3.01388999126915,4.07755196150752,0.000704877184769057,0.024670701466917,0.0192477299370374,"CLSPN/TGFB2/RASSF2/CDKN1A/PDE5A/ADRA2A/ADCY8/IL34/NEK10/ROBO1/CIMAP3/TNFSF15",12
"GO:0015837","amine transport","7/293","96/18986",0.0729166666666667,4.72490045506257,4.58072179890384,0.000716956524091804,0.024849852339881,0.0193875008967493,"P2RX7/SLC7A5/CXCL12/RGS4/PER2/ADRA2A/ADORA1",7
"GO:1904063","negative regulation of cation transmembrane transport","7/293","97/18986",0.0721649484536082,4.67619014109285,4.54442518245925,0.000762703956156238,0.0261812800334401,0.0204262618217551,"NEDD4L/RGS4/ADRA2A/CLIC2/RRAD/PRKCE/KCNE3",7
"GO:0032409","regulation of transporter activity","11/293","225/18986",0.0488888888888889,3.16793325748957,4.09551747207482,0.000776962671868461,0.0262641488941478,0.0204909149267036,"NEDD4L/SCN1B/STIM2/EPHB2/CNIH3/ANK2/ADRA2A/CLIC2/RRAD/KCNE3/SLC6A9",11
"GO:0046883","regulation of hormone secretion","12/293","261/18986",0.0459770114942529,2.9792475775764,4.03096540097792,0.000779831871927078,0.0262641488941478,0.0204909149267036,"RAPGEF4/GPR68/ACVR1C/SOX4/LIF/PER2/CCN3/EPHA5/ADRA2A/ADCY8/ADORA1/PRKCE",12
"GO:1902105","regulation of leukocyte differentiation","14/293","337/18986",0.0415430267062315,2.69193141653416,3.92346279385989,0.000794965467749487,0.026523614204352,0.0206933460665533,"RASSF2/GPR68/TNFAIP6/SOX4/TNFSF9/LIF/LRRC17/DUSP10/CAMK4/IL34/TNFRSF11B/INPP5D/EGR3/SOCS1",14
"GO:0015711","organic anion transport","17/293","462/18986",0.0367965367965368,2.38436535023566,3.77141157975394,0.000888171644589225,0.0293590071405883,0.0229054792551958,"ABCB4/SLC7A14/PTGS2/P2RX7/ABCC6/SLC7A5/FOLR3/PLA2G4A/RGS4/SLC6A6/PER2/CRABP2/ADORA1/BDKRB2/SLC51B/SLC6A9/SLC39A10",17
"GO:0042492","gamma-delta T cell differentiation","3/293","13/18986",0.230769230769231,14.9535311105277,6.30067974729465,0.000927678352833483,0.0297323197188073,0.0231967324121964,"SOX4/EGR3/JAG2",3
"GO:0045986","negative regulation of smooth muscle contraction","3/293","13/18986",0.230769230769231,14.9535311105277,6.30067974729465,0.000927678352833483,0.0297323197188073,0.0231967324121964,"PTGS2/ADRA2A/ARHGAP42",3
"GO:0106049","regulation of cellular response to osmotic stress","3/293","13/18986",0.230769230769231,14.9535311105277,6.30067974729465,0.000927678352833483,0.0297323197188073,0.0231967324121964,"PTGS2/ARHGEF2/BDKRB2",3
"GO:0051347","positive regulation of transferase activity","13/293","304/18986",0.0427631578947368,2.77099425184121,3.89710284882723,0.000932778657844935,0.0297323197188073,0.0231967324121964,"CLSPN/TGFB2/TRIB3/RASSF2/CDKN1A/PDE5A/ADRA2A/ADCY8/IL34/NEK10/ROBO1/CIMAP3/TNFSF15",13
"GO:0010001","glial cell differentiation","12/293","267/18986",0.0449438202247191,2.91229819381064,3.93975786607161,0.000949838888409018,0.0298517707979476,0.0232899264429808,"PHGDH/NR3C1/EGR2/SOX4/SOX9/LIF/ZNF365/DUSP10/TENM4/IL34/PLPP3/TUBA1A",12
"GO:0007015","actin filament organization","17/293","465/18986",0.0365591397849462,2.36898234797607,3.74189603404608,0.000953249823800009,0.0298517707979476,0.0232899264429808,"CYFIP2/ARHGAP28/CORO2B/CXCL12/RND2/PHACTR1/ARHGEF2/RGS4/AMOT/RHOJ/AIF1L/GAS2L3/SPTBN4/DNAI3/S1PR1/PRKCE/MARCKSL1",17
"GO:0021952","central nervous system projection neuron axonogenesis","4/293","29/18986",0.137931034482759,8.9377427327292,5.3556331476207,0.00097352187201628,0.0302215050704184,0.0235783878567971,"SCN1B/EPHB2/SPTBN4/EPHB3",4
"GO:0014015","positive regulation of gliogenesis","6/293","74/18986",0.0810810810810811,5.25394336315838,4.5902722206218,0.000986823867284284,0.0303703552259043,0.0236945186282597,"SLC7A5/EGR2/LIF/ZNF365/TENM4/IL34",6
"GO:0048588","developmental cell growth","11/293","232/18986",0.0474137931034483,3.07234906437566,3.97612064899929,0.000997773823676386,0.0304448935942282,0.0237526724016889,"NEDD4L/CYFIP2/SEMA3A/CXCL12/RND2/VEGFA/RGS4/SOX9/FLRT3/SEMA6D/CRABP2",11
"GO:0045747","positive regulation of Notch signaling pathway","5/293","50/18986",0.1,6.47986348122867,4.8574711151957,0.00101565538169763,0.030727878920852,0.0239734535233892,"TGFB2/LFNG/CCN3/ROBO1/JAG2",5
"GO:0001894","tissue homeostasis","12/293","270/18986",0.0444444444444444,2.87993932499052,3.89510172625881,0.00104578909674939,0.0308550997966556,0.0240727094388768,"PTGS2/P2RX7/ABCC6/CUBN/VEGFA/SOX9/TNFRSF11B/TUBA1A/INPP5D/LDB2/S1PR1/TMEM119",12
"GO:0060249","anatomical structure homeostasis","12/293","270/18986",0.0444444444444444,2.87993932499052,3.89510172625881,0.00104578909674939,0.0308550997966556,0.0240727094388768,"PTGS2/P2RX7/ABCC6/CUBN/VEGFA/SOX9/TNFRSF11B/TUBA1A/INPP5D/LDB2/S1PR1/TMEM119",12
"GO:0070663","regulation of leukocyte proliferation","12/293","270/18986",0.0444444444444444,2.87993932499052,3.89510172625881,0.00104578909674939,0.0308550997966556,0.0240727094388768,"TSPAN32/TNFSF13B/CDKN1A/TNFSF9/EPHB2/PDE5A/IL34/ICOSLG/VCAM1/IL12A/INPP5D/SLC39A10",12
"GO:0060441","epithelial tube branching involved in lung morphogenesis","4/293","30/18986",0.133333333333333,8.63981797497156,5.24287974563133,0.00110977963268023,0.0320158473127327,0.0249783081201506,"FGFR2/WNT2/SOX9/RSPO2",4
"GO:0046850","regulation of bone remodeling","5/293","51/18986",0.0980392156862745,6.35280733453791,4.79218585809654,0.00111203503271116,0.0320158473127327,0.0249783081201506,"P2RX7/TNFRSF11B/INPP5D/S1PR1/TMEM119",5
"GO:0089718","amino acid import across plasma membrane","5/293","51/18986",0.0980392156862745,6.35280733453791,4.79218585809654,0.00111203503271116,0.0320158473127327,0.0249783081201506,"SLC7A5/RGS4/SLC6A6/PER2/SLC6A9",5
"GO:0070665","positive regulation of leukocyte proliferation","9/293","166/18986",0.0542168674698795,3.51317899584687,4.07162023275131,0.0011257471666602,0.0321513390798153,0.0250840168672243,"TNFSF13B/CDKN1A/TNFSF9/EPHB2/IL34/ICOSLG/VCAM1/IL12A/SLC39A10",9
"GO:1902893","regulation of miRNA transcription","6/293","76/18986",0.0789473684210526,5.11568169570684,4.50093166101798,0.00113509975921487,0.0321611598444213,0.0250916788879077,"ESR1/TGFB2/VEGFA/NR3C1/SOX9/JUN",6
"GO:0097191","extrinsic apoptotic signaling pathway","11/293","236/18986",0.0466101694915254,3.02027535142014,3.90989899724303,0.00114567572255866,0.0322052151931843,0.0251260502435989,"BRCA1/P2RX7/TGFB2/HMOX1/UNC5B/ARHGEF2/G0S2/NGF/FAIM2/IL12A/TNFSF15",11
"GO:0032793","positive regulation of CREB transcription factor activity","3/293","14/18986",0.214285714285714,13.88542174549,6.03817513676451,0.00116725389113951,0.0323550060696304,0.0252429149521575,"RPS6KA5/EPHA5/ADCY8",3
"GO:0050867","positive regulation of cell activation","15/293","391/18986",0.0383631713554987,2.48588113090614,3.7168408272267,0.00116913047142362,0.0323550060696304,0.0252429149521575,"TNFSF13B/PLA2G4A/CDKN1A/SOX4/TNFSF9/EPHB2/DUSP10/TSLP/ICOSLG/VCAM1/IL12A/INPP5D/EGR3/SOCS1/SLC39A10",15
"GO:0045776","negative regulation of blood pressure","5/293","52/18986",0.0961538461538462,6.23063796271987,4.72862370270309,0.00121502651979736,0.0331206666980653,0.0258402724703172,"BDKRB1/ADM2/IER3/ADORA1/ARHGAP42",5
"GO:0061614","miRNA transcription","6/293","77/18986",0.0779220779220779,5.04924427108727,4.45743137861465,0.00121535219536318,0.0331206666980653,0.0258402724703172,"ESR1/TGFB2/VEGFA/NR3C1/SOX9/JUN",6
"GO:0042476","odontogenesis","8/293","136/18986",0.0588235294117647,3.81168440072275,4.11983626590359,0.00125192916714244,0.0334355290533367,0.0260859235957921,"FGFR2/TGFB2/COL1A1/FST/RSPO2/TNFRSF11B/AQP3/JAG2",8
"GO:0003018","vascular process in circulatory system","12/293","276/18986",0.0434782608695652,2.81733194836029,3.80760174060622,0.00126197136154624,0.0334355290533367,0.0260859235957921,"PTGS2/SLC7A5/ASIC2/VEGFA/AMOT/SLC6A6/PER2/ADRA2A/ADORA1/ARHGAP42/BDKRB2/SLC6A9",12
"GO:0032970","regulation of actin filament-based process","15/293","395/18986",0.0379746835443038,2.46070765109949,3.67290828950074,0.00129300633591118,0.0334355290533367,0.0260859235957921,"CYFIP2/ARHGAP28/CORO2B/CXCL12/RND2/RGS4/CIT/AMOT/EPHA5/ANK2/SPTBN4/DNAI3/ADORA1/S1PR1/PRKCE",15
"GO:0032890","regulation of organic acid transport","6/293","78/18986",0.0769230769230769,4.9845103701759,4.4146784233286,0.00129987506122251,0.0334355290533367,0.0260859235957921,"P2RX7/SLC7A5/PLA2G4A/RGS4/PER2/ADORA1",6
"GO:0035924","cellular response to vascular endothelial growth factor stimulus","6/293","78/18986",0.0769230769230769,4.9845103701759,4.4146784233286,0.00129987506122251,0.0334355290533367,0.0260859235957921,"VEGFA/PGF/VCAM1/IL12A/ROBO1/EGR3",6
"GO:0043536","positive regulation of blood vessel endothelial cell migration","6/293","78/18986",0.0769230769230769,4.9845103701759,4.4146784233286,0.00129987506122251,0.0334355290533367,0.0260859235957921,"PTGS2/HMOX1/VEGFA/AMOT/RHOJ/PLK2",6
"GO:0018108","peptidyl-tyrosine phosphorylation","10/293","204/18986",0.0490196078431373,3.17640366726896,3.91276011263653,0.00130747371639842,0.0334355290533367,0.0260859235957921,"FGFR2/VEGFA/ARHGEF2/LIF/EPHB2/IL34/PLPP3/IL12A/RAP2B/SOCS1",10
"GO:0090276","regulation of peptide hormone secretion","10/293","204/18986",0.0490196078431373,3.17640366726896,3.91276011263653,0.00130747371639842,0.0334355290533367,0.0260859235957921,"RAPGEF4/GPR68/ACVR1C/SOX4/PER2/CCN3/EPHA5/ADRA2A/ADCY8/PRKCE",10
"GO:0050670","regulation of lymphocyte proliferation","11/293","240/18986",0.0458333333333333,2.96993742889647,3.84506206479711,0.00131119721777791,0.0334355290533367,0.0260859235957921,"TSPAN32/TNFSF13B/CDKN1A/TNFSF9/EPHB2/PDE5A/ICOSLG/VCAM1/IL12A/INPP5D/SLC39A10",11
"GO:0001667","ameboidal-type cell migration","11/293","241/18986",0.045643153526971,2.95761403707533,3.82906269493001,0.00135551069777788,0.0339937204260092,0.0265214165552765,"SEMA3A/TGFB2/VEGFA/ACVR1C/SOX9/AMOT/CCN3/SEMA6D/DUSP10/ITGA2/PRKCE",11
"GO:0043266","regulation of potassium ion transport","7/293","107/18986",0.0654205607476635,4.23916302510287,4.20663479611612,0.00135903426735669,0.0339937204260092,0.0265214165552765,"NEDD4L/RGS4/KCNS1/ANK2/ADRA2A/ADORA1/KCNE3",7
"GO:0001666","response to hypoxia","13/293","317/18986",0.0410094637223975,2.65735726359535,3.72550239711959,0.00136165322714827,0.0339937204260092,0.0265214165552765,"FGFR2/PTGS2/TGFB2/CXCL12/VEGFA/PGF/SOX4/LIF/VCAM1/ADORA1/ITGA2/AQP3/PRKCE",13
"GO:1904062","regulation of monoatomic cation transmembrane transport","13/293","318/18986",0.0408805031446541,2.64900079421298,3.71265963785884,0.00140051474255601,0.0342301873965348,0.0267059047180396,"NEDD4L/P2RX7/BDKRB1/SCN1B/STIM2/RGS4/KCNS1/ANK2/ADRA2A/CLIC2/RRAD/PRKCE/KCNE3",13
"GO:0018212","peptidyl-tyrosine modification","10/293","206/18986",0.0485436893203883,3.14556479671295,3.87638638061036,0.00140645306443501,0.0342301873965348,0.0267059047180396,"FGFR2/VEGFA/ARHGEF2/LIF/EPHB2/IL34/PLPP3/IL12A/RAP2B/SOCS1",10
"GO:0030073","insulin secretion","10/293","206/18986",0.0485436893203883,3.14556479671295,3.87638638061036,0.00140645306443501,0.0342301873965348,0.0267059047180396,"RAPGEF4/GPR68/ACVR1C/SOX4/PER2/CCN3/EPHA5/ADRA2A/ADCY8/PRKCE",10
"GO:0006936","muscle contraction","14/293","358/18986",0.0391061452513966,2.53402482506149,3.66851580484202,0.00141392409554365,0.0342301873965348,0.0267059047180396,"NEDD4L/PTGS2/SCN1B/CKMT2/PDE5A/ANK2/ADRA2A/CLIC2/ADORA1/ITGA2/ARHGAP42/BDKRB2/SGCD/KCNE3",14
"GO:1902042","negative regulation of extrinsic apoptotic signaling pathway via death domain receptors","4/293","32/18986",0.125,8.09982935153584,5.03236425946224,0.00142141549257878,0.0342301873965348,0.0267059047180396,"BRCA1/HMOX1/ARHGEF2/FAIM2",4
"GO:0047484","regulation of response to osmotic stress","3/293","15/18986",0.2,12.9597269624573,5.80124744787302,0.00144248626381531,0.0342301873965348,0.0267059047180396,"PTGS2/ARHGEF2/BDKRB2",3
"GO:0050930","induction of positive chemotaxis","3/293","15/18986",0.2,12.9597269624573,5.80124744787302,0.00144248626381531,0.0342301873965348,0.0267059047180396,"CXCL12/VEGFA/PGF",3
"GO:0045860","positive regulation of protein kinase activity","11/293","243/18986",0.0452674897119342,2.93327153471257,3.79730996193548,0.00144783145570778,0.0342301873965348,0.0267059047180396,"CLSPN/TGFB2/RASSF2/CDKN1A/PDE5A/ADRA2A/ADCY8/IL34/NEK10/ROBO1/TNFSF15",11
"GO:0045685","regulation of glial cell differentiation","6/293","80/18986",0.075,4.8598976109215,4.33132287640838,0.00148232584993953,0.0348151531860797,0.0271622866962604,"EGR2/LIF/ZNF365/DUSP10/TENM4/IL34",6
"GO:0032944","regulation of mononuclear cell proliferation","11/293","245/18986",0.0448979591836735,2.90932646095981,3.76587986206486,0.00154524774619555,0.0360557807445628,0.0281302066490087,"TSPAN32/TNFSF13B/CDKN1A/TNFSF9/EPHB2/PDE5A/ICOSLG/VCAM1/IL12A/INPP5D/SLC39A10",11
"GO:0060425","lung morphogenesis","5/293","55/18986",0.0909090909090909,5.89078498293515,4.54750038993706,0.00156642113340427,0.0363124899107354,0.0283304874845366,"FGFR2/WNT2/SOX9/LIF/RSPO2",5
"GO:0099560","synaptic membrane adhesion","4/293","33/18986",0.121212121212121,7.85437997724687,4.93384807891299,0.00159804237313954,0.0368065243361817,0.0287159261074855,"CDH6/FLRT3/LRRC4/TENM4",4
"GO:0044703","multi-organism reproductive process","10/293","210/18986",0.0476190476190476,3.08564927677556,3.80495036797579,0.00162271746190747,0.0371352649936517,0.028972404886688,"PTGS2/ESR1/VEGFA/ACVR1C/LIF/ADRA2A/TPPP3/ITGA2/RXFP1/STOX2",10
"GO:0035249","synaptic transmission, glutamatergic","7/293","111/18986",0.0630630630630631,4.08640039356763,4.08291071467323,0.00168036874220442,0.038209658660317,0.0298106315244578,"PTGS2/NR3C1/PLPPR4/CNIH3/GRIK4/ADORA1/FRRS1L",7
"GO:0050678","regulation of epithelial cell proliferation","15/293","406/18986",0.0369458128078818,2.39403823198104,3.55479413113895,0.00169191672105901,0.0382287512289916,0.0298255272746312,"FGFR2/TGFB2/HMOX1/WNT2/CXCL12/ST8SIA1/VEGFA/SOX9/GDF5/VASH2/DUSP10/CDKN2B/IL12A/ROBO1/EGR3",15
"GO:0048813","dendrite morphogenesis","8/293","143/18986",0.0559440559440559,3.62509845103702,3.94491998044511,0.00172368120485888,0.0382517882578742,0.0298435004364839,"NEDD4L/LZTS1/SEMA3A/PHACTR1/EPHB2/ZNF365/TNIK/EPHB3",8
"GO:0043542","endothelial cell migration","12/293","287/18986",0.0418118466898955,2.70935058448585,3.65310798716471,0.00175439026740084,0.0382517882578742,0.0298435004364839,"PTGS2/HMOX1/VEGFA/PIK3R3/AMOT/RHOJ/CCN3/PLK2/PLPP3/BMPER/ROBO1/EGR3",12
"GO:0010958","regulation of amino acid import across plasma membrane","3/293","16/18986",0.1875,12.1497440273038,5.58587008689102,0.00175520745895668,0.0382517882578742,0.0298435004364839,"SLC7A5/RGS4/PER2",3
"GO:1903789","regulation of amino acid transmembrane transport","3/293","16/18986",0.1875,12.1497440273038,5.58587008689102,0.00175520745895668,0.0382517882578742,0.0298435004364839,"SLC7A5/RGS4/PER2",3
"GO:0030316","osteoclast differentiation","7/293","112/18986",0.0625,4.04991467576792,4.05288549227347,0.0017692398469747,0.0382517882578742,0.0298435004364839,"RASSF2/GPR68/TNFAIP6/LRRC17/CAMK4/TNFRSF11B/INPP5D",7
"GO:0001558","regulation of cell growth","15/293","408/18986",0.0367647058823529,2.38230275045172,3.53373015341631,0.00177449904973778,0.0382517882578742,0.0298435004364839,"BRCA1/NEDD4L/IL17RB/SEMA3A/TGFB2/BDKRB1/CXCL12/KAZALD1/RND2/VEGFA/RGS4/CDKN1A/CCN3/SEMA6D/CRABP2",15
"GO:0023061","signal release","17/293","493/18986",0.0344827586206897,2.2344356831823,3.47686517375622,0.00178291105988905,0.0382517882578742,0.0298435004364839,"CAMK2A/PTGS2/P2RX7/RAPGEF4/CXCL12/PLA2G4A/GPR68/ACVR1C/SOX4/LIF/PER2/CCN3/EPHA5/ADRA2A/ADCY8/ADORA1/PRKCE",17
"GO:0045671","negative regulation of osteoclast differentiation","4/293","34/18986",0.117647058823529,7.62336880144549,4.8393884165615,0.00178936936668487,0.0382517882578742,0.0298435004364839,"TNFAIP6/LRRC17/TNFRSF11B/INPP5D",4
"GO:0140058","neuron projection arborization","4/293","34/18986",0.117647058823529,7.62336880144549,4.8393884165615,0.00178936936668487,0.0382517882578742,0.0298435004364839,"SEMA3A/PHACTR1/ZNF365/TUBA1A",4
"GO:0002762","negative regulation of myeloid leukocyte differentiation","5/293","57/18986",0.087719298245614,5.6840907730076,4.43402873055649,0.00183882382755134,0.0384650707736185,0.0300099004178076,"GPR68/TNFAIP6/LRRC17/TNFRSF11B/INPP5D",5
"GO:0050982","detection of mechanical stimulus","5/293","57/18986",0.087719298245614,5.6840907730076,4.43402873055649,0.00183882382755134,0.0384650707736185,0.0300099004178076,"CXCL12/ASIC2/PIEZO2/ITGA2/PKD1L2",5
"GO:0061178","regulation of insulin secretion involved in cellular response to glucose stimulus","5/293","57/18986",0.087719298245614,5.6840907730076,4.43402873055649,0.00183882382755134,0.0384650707736185,0.0300099004178076,"GPR68/EPHA5/ADRA2A/ADCY8/PRKCE",5
"GO:0060326","cell chemotaxis","13/293","328/18986",0.0396341463414634,2.56823857487722,3.58687397230965,0.00184244456646744,0.0384650707736185,0.0300099004178076,"TGFB2/CXCL12/VEGFA/PGF/TNFAIP6/ACKR4/CCN3/CH25H/IL34/VCAM1/IL12A/S1PR1/EGR3",13
"GO:0010975","regulation of neuron projection development","16/293","452/18986",0.0353982300884956,2.29375698450572,3.48527421593499,0.00185553406714577,0.0385131198820371,0.0300473876479051,"NEDD4L/LZTS1/SEMA3A/SCN1B/CXCL12/RND2/VEGFA/EPHB2/SEMA6D/ZNF365/CRABP2/TNIK/ROBO1/ENC1/EPHB3/GPC2",16
"GO:0050671","positive regulation of lymphocyte proliferation","8/293","145/18986",0.0551724137931034,3.57509709309168,3.89695367238825,0.00188147159168026,0.0388257432502805,0.0302912919475872,"TNFSF13B/CDKN1A/TNFSF9/EPHB2/ICOSLG/VCAM1/IL12A/SLC39A10",8
"GO:1903829","positive regulation of protein localization","17/293","497/18986",0.03420523138833,2.21645229740216,3.44045731499399,0.00194050195886178,0.0396448707860449,0.0309303635853972,"PTGS2/P2RX7/RAPGEF4/TGFB2/CORO2B/VEGFA/GPR68/TNFAIP6/SOX4/TMEM35A/EPHB2/SORL1/PRKG2/ADCY8/EPB41/PRKCE/SLC51B",17
"GO:0009914","hormone transport","13/293","330/18986",0.0393939393939394,2.55267349260523,3.56227505784145,0.00194337601892377,0.0396448707860449,0.0309303635853972,"RAPGEF4/SLC7A5/GPR68/ACVR1C/SOX4/LIF/PER2/CCN3/EPHA5/ADRA2A/ADCY8/ADORA1/PRKCE",13
"GO:0036293","response to decreased oxygen levels","13/293","331/18986",0.0392749244712991,2.54496148809585,3.55004318547707,0.0019955284021699,0.0400518684190934,0.0312478973424506,"FGFR2/PTGS2/TGFB2/CXCL12/VEGFA/PGF/SOX4/LIF/VCAM1/ADORA1/ITGA2/AQP3/PRKCE",13
"GO:0001893","maternal placenta development","4/293","35/18986",0.114285714285714,7.40555826426134,4.74869799161336,0.00199601197677324,0.0400518684190934,0.0312478973424506,"PTGS2/LIF/TPPP3/STOX2",4
"GO:0050920","regulation of chemotaxis","10/293","216/18986",0.0462962962962963,2.99993679686512,3.70092784739992,0.00199698391557384,0.0400518684190934,0.0312478973424506,"CXCL12/VEGFA/PGF/TNFAIP6/CCN3/IL34/ITGA2/IL12A/ROBO1/S1PR1",10
"GO:0045785","positive regulation of cell adhesion","17/293","499/18986",0.0340681362725451,2.20756872105987,3.42238225443946,0.00202358820038663,0.0401379150795846,0.0313150297215335,"TGFB2/TNFSF13B/CXCL12/VEGFA/SOX4/TNFSF9/LIF/DUSP10/ICOSLG/PLPP3/VCAM1/ITGA2/IL12A/PRKCE/FRMD5/EGR3/SOCS1",17
"GO:0086003","cardiac muscle cell contraction","6/293","85/18986",0.0705882352941176,4.5740212808673,4.13450778330748,0.00202376042418073,0.0401379150795846,0.0313150297215335,"NEDD4L/SCN1B/ANK2/ADORA1/SGCD/KCNE3",6
"GO:0035265","organ growth","9/293","181/18986",0.0497237569060773,3.22203156525182,3.76055937888462,0.00204666396954785,0.0402202619980592,0.0313792756145849,"FGFR2/ESR1/TGFB2/WNT2/RGS4/SOX9/RSPO2/TENM4/S1PR1",9
"GO:0060048","cardiac muscle contraction","8/293","147/18986",0.054421768707483,3.52645631631492,3.84982639449644,0.00205044472931282,0.0402202619980592,0.0313792756145849,"NEDD4L/SCN1B/PDE5A/ANK2/CLIC2/ADORA1/SGCD/KCNE3",8
"GO:0034392","negative regulation of smooth muscle cell apoptotic process","3/293","17/18986",0.176470588235294,11.4350532021682,5.38885524747502,0.00210713949752831,0.0405048933995445,0.0316013409804496,"ESR1/SLC7A5/LYPD3",3
"GO:0048841","regulation of axon extension involved in axon guidance","3/293","17/18986",0.176470588235294,11.4350532021682,5.38885524747502,0.00210713949752831,0.0405048933995445,0.0316013409804496,"SEMA3A/CXCL12/VEGFA",3
"GO:0043534","blood vessel endothelial cell migration","9/293","182/18986",0.0494505494505494,3.20432809511308,3.74098887439002,0.0021247403193986,0.0405048933995445,0.0316013409804496,"PTGS2/HMOX1/VEGFA/PIK3R3/AMOT/RHOJ/PLK2/ROBO1/EGR3",9
"GO:0034284","response to monosaccharide","10/293","218/18986",0.0458715596330275,2.97241444093058,3.66705168283154,0.00213617836810426,0.0405048933995445,0.0316013409804496,"PTGS2/COL1A1/GPR68/ACVR1C/SOX4/EPHA5/ADRA2A/ADCY8/ITGA2/PRKCE",10
"GO:0044706","multi-multicellular organism process","10/293","218/18986",0.0458715596330275,2.97241444093058,3.66705168283154,0.00213617836810426,0.0405048933995445,0.0316013409804496,"PTGS2/ESR1/VEGFA/ACVR1C/LIF/ADRA2A/TPPP3/ITGA2/RXFP1/STOX2",10
"GO:0032946","positive regulation of mononuclear cell proliferation","8/293","148/18986",0.0540540540540541,3.50262890877225,3.82656880122475,0.00213929390231668,0.0405048933995445,0.0316013409804496,"TNFSF13B/CDKN1A/TNFSF9/EPHB2/ICOSLG/VCAM1/IL12A/SLC39A10",8
"GO:0060135","maternal process involved in female pregnancy","5/293","59/18986",0.0847457627118644,5.4914097298548,4.32580958071314,0.00214437670938765,0.0405048933995445,0.0316013409804496,"PTGS2/ESR1/LIF/TPPP3/STOX2",5
"GO:0030224","monocyte differentiation","4/293","36/18986",0.111111111111111,7.1998483124763,4.66151745956722,0.00221858063019428,0.0414677112554637,0.0323525177596806,"VEGFA/GPR68/IL34/INPP5D",4
"GO:1905332","positive regulation of morphogenesis of an epithelium","4/293","36/18986",0.111111111111111,7.1998483124763,4.66151745956722,0.00221858063019428,0.0414677112554637,0.0323525177596806,"VEGFA/SOX9/LIF/LGR4",4
"GO:0002790","peptide secretion","11/293","257/18986",0.0428015564202335,2.77348242387219,3.5837339712343,0.00224879701591958,0.0418135695147547,0.0326223514480439,"RAPGEF4/GPR68/ACVR1C/SOX4/PER2/CCN3/EPHA5/ADRA2A/ADCY8/ADORA1/PRKCE",11
"GO:0051251","positive regulation of lymphocyte activation","13/293","336/18986",0.0386904761904762,2.50709003738014,3.4895468020826,0.00227392001019279,0.0420616292040843,0.0328158840849202,"TNFSF13B/CDKN1A/SOX4/TNFSF9/EPHB2/DUSP10/ICOSLG/VCAM1/IL12A/INPP5D/EGR3/SOCS1/SLC39A10",13
"GO:0007189","adenylate cyclase-activating G protein-coupled receptor signaling pathway","9/293","184/18986",0.0489130434782609,3.16949844190533,3.70225081860326,0.00228801215314512,0.0421041411687014,0.032849051314281,"RAPGEF4/ADM2/ADCY4/ADRA2A/ADCY8/S1PR1/RXFP1/GNG2/LGR4",9
"GO:0046651","lymphocyte proliferation","12/293","297/18986",0.0404040404040404,2.61812665908229,3.5188221222016,0.0023298371139129,0.0426539410085592,0.0332779973193712,"TSPAN32/P2RX7/TNFSF13B/CDKN1A/TNFSF9/EPHB2/PDE5A/ICOSLG/VCAM1/IL12A/INPP5D/SLC39A10",12
"GO:0001659","temperature homeostasis","9/293","185/18986",0.0486486486486487,3.15236601789503,3.68307976126428,0.00237330861057832,0.043160704285894,0.0336733668112858,"PTGS2/SCD/ZNF423/VEGFA/G0S2/PER2/ADORA1/DDIT3/LGR4",9
"GO:0045833","negative regulation of lipid metabolic process","7/293","118/18986",0.0593220338983051,3.84398681089836,3.87976352525327,0.00238169712726082,0.043160704285894,0.0336733668112858,"BRCA1/TRIB3/SOX9/SORL1/CH25H/ADRA2A/ADORA1",7
"GO:0042310","vasoconstriction","6/293","88/18986",0.0681818181818182,4.41808873720136,4.02361441100748,0.00241338676114246,0.04351409463272,0.0339490769270757,"PTGS2/ASIC2/PER2/ADRA2A/ARHGAP42/BDKRB2",6
"GO:0003230","cardiac atrium development","4/293","37/18986",0.108108108108108,7.00525781754451,4.57761200400182,0.00245767990435057,0.0435263221000794,0.0339586166229722,"TGFB2/WNT2/SOX4/ANK2",4
"GO:0007095","mitotic G2 DNA damage checkpoint signaling","4/293","37/18986",0.108108108108108,7.00525781754451,4.57761200400182,0.00245767990435057,0.0435263221000794,0.0339586166229722,"BRCA1/CLSPN/CDKN1A/IER3",4
"GO:0021955","central nervous system neuron axonogenesis","4/293","37/18986",0.108108108108108,7.00525781754451,4.57761200400182,0.00245767990435057,0.0435263221000794,0.0339586166229722,"SCN1B/EPHB2/SPTBN4/EPHB3",4
"GO:0003012","muscle system process","16/293","465/18986",0.0344086021505376,2.22963044515395,3.36099971841588,0.00246283391154511,0.0435263221000794,0.0339586166229722,"NEDD4L/PTGS2/HMOX1/SCN1B/RGS4/CKMT2/PDE5A/ANK2/ADRA2A/CLIC2/ADORA1/ITGA2/ARHGAP42/BDKRB2/SGCD/KCNE3",16
"GO:0032147","activation of protein kinase activity","5/293","61/18986",0.0819672131147541,5.31136350920383,4.22241798717025,0.00248536650577628,0.0437081695843414,0.034100491440415,"CLSPN/TGFB2/ADRA2A/ADCY8/TNFSF15",5
"GO:0090190","positive regulation of branching involved in ureteric bud morphogenesis","3/293","18/18986",0.166666666666667,10.7997724687144,5.20764153701725,0.00249989805209682,0.0437482159116944,0.0341317350146965,"VEGFA/SOX9/LGR4",3
"GO:0001890","placenta development","8/293","152/18986",0.0526315789473684,3.41045446380456,3.73550266381284,0.00252539015040604,0.043841103945675,0.0342042049359446,"FGFR2/PTGS2/WNT2/LIF/VASH2/TPPP3/E2F7/STOX2",8
"GO:0051056","regulation of small GTPase mediated signal transduction","12/293","300/18986",0.04,2.59194539249147,3.47960726844238,0.00252976678229946,0.043841103945675,0.0342042049359446,"CDON/ARHGAP28/TGFB2/ARHGEF2/SIPA1L2/AMOT/EPHB2/NGF/KALRN/ARHGAP42/ROBO1/PLEKHG4",12
"GO:0033627","cell adhesion mediated by integrin","6/293","89/18986",0.0674157303370786,4.36844729071596,3.98775010958394,0.00255501981987592,0.0440648345746716,0.0343787563864311,"TGFB2/LIF/CCN3/PLPP3/VCAM1/ITGA2",6
"GO:0070661","leukocyte proliferation","13/293","341/18986",0.0381231671554252,2.47032918639216,3.4301268555265,0.0025834991833214,0.0440938002925513,0.0344013550270059,"TSPAN32/P2RX7/TNFSF13B/CDKN1A/TNFSF9/EPHB2/PDE5A/IL34/ICOSLG/VCAM1/IL12A/INPP5D/SLC39A10",13
"GO:0001649","osteoblast differentiation","11/293","262/18986",0.0419847328244275,2.7205533699815,3.51090506221251,0.00260984544022245,0.0440938002925513,0.0344013550270059,"FGFR2/RASSF2/COL1A1/VEGFA/TENT5A/TNFAIP6/SOX9/RSPO2/DNAI3/TMEM119/LGR4",11
"GO:0042303","molting cycle","7/293","120/18986",0.0583333333333333,3.77992036405006,3.82457049960395,0.00261845536751285,0.0440938002925513,0.0344013550270059,"FGFR2/PTGS2/TGFB2/SOX9/FST/LDB2/LGR4",7
"GO:0042633","hair cycle","7/293","120/18986",0.0583333333333333,3.77992036405006,3.82457049960395,0.00261845536751285,0.0440938002925513,0.0344013550270059,"FGFR2/PTGS2/TGFB2/SOX9/FST/LDB2/LGR4",7
"GO:0051928","positive regulation of calcium ion transport","7/293","120/18986",0.0583333333333333,3.77992036405006,3.82457049960395,0.00261845536751285,0.0440938002925513,0.0344013550270059,"CAMK2A/P2RX7/BDKRB1/CXCL12/STIM2/MCHR1/ANK2",7
"GO:0007566","embryo implantation","5/293","62/18986",0.0806451612903226,5.22569635582957,4.17241280819718,0.00266986891633789,0.0447485071893252,0.0349121480238698,"PTGS2/VEGFA/ACVR1C/LIF/TPPP3",5
"GO:0034391","regulation of smooth muscle cell apoptotic process","4/293","38/18986",0.105263157894737,6.82090892760912,4.49676842380283,0.00271390779913779,0.0450790561724915,0.0351700376330275,"ESR1/SLC7A5/LYPD3/IL12A",4
"GO:0035296","regulation of tube diameter","8/293","154/18986",0.051948051948052,3.36616284739152,3.69110480365729,0.00273784889820856,0.0450790561724915,0.0351700376330275,"PTGS2/ASIC2/VEGFA/PER2/ADRA2A/ADORA1/ARHGAP42/BDKRB2",8
"GO:0097746","blood vessel diameter maintenance","8/293","154/18986",0.051948051948052,3.36616284739152,3.69110480365729,0.00273784889820856,0.0450790561724915,0.0351700376330275,"PTGS2/ASIC2/VEGFA/PER2/ADRA2A/ADORA1/ARHGAP42/BDKRB2",8
"GO:0007565","female pregnancy","9/293","189/18986",0.0476190476190476,3.08564927677556,3.60767592689476,0.00274009949283772,0.0450790561724915,0.0351700376330275,"PTGS2/ESR1/VEGFA/ACVR1C/LIF/ADRA2A/TPPP3/ITGA2/STOX2",9
"GO:0019216","regulation of lipid metabolic process","13/293","344/18986",0.0377906976744186,2.44878561790618,3.39497596089759,0.00278527436942957,0.0456120619213925,0.035585881127526,"BRCA1/PTGS2/TRIB3/NR3C1/SOX9/GDF15/SORL1/CH25H/C1QTNF2/ADRA2A/ADORA1/PRKCE/TPK1",13
"GO:0035150","regulation of tube size","8/293","155/18986",0.0516129032258065,3.34444566773093,3.66917932586053,0.00284918324503214,0.0464455898847705,0.0362361877738766,"PTGS2/ASIC2/VEGFA/PER2/ADRA2A/ADORA1/ARHGAP42/BDKRB2",8
"GO:0032943","mononuclear cell proliferation","12/293","305/18986",0.039344262295082,2.54945448441784,3.41529553730106,0.00289392264633945,0.046960472033781,0.0366378914938477,"TSPAN32/P2RX7/TNFSF13B/CDKN1A/TNFSF9/EPHB2/PDE5A/ICOSLG/VCAM1/IL12A/INPP5D/SLC39A10",12
"GO:0032310","prostaglandin secretion","3/293","19/18986",0.157894736842105,10.2313633914137,5.04014387084556,0.00293499597056527,0.0470412044162815,0.0367008777489255,"PTGS2/P2RX7/PLA2G4A",3
"GO:0048771","tissue remodeling","9/293","191/18986",0.0471204188481675,3.0533388131444,3.57071956345595,0.00293959419884338,0.0470412044162815,0.0367008777489255,"P2RX7/RASSF2/GDF5/LIF/TNFRSF11B/INPP5D/S1PR1/TMEM119/LGR4",9
"GO:0045667","regulation of osteoblast differentiation","8/293","156/18986",0.0512820512820513,3.3230069134506,3.64743238141426,0.00296401870661628,0.0470412044162815,0.0367008777489255,"FGFR2/RASSF2/VEGFA/TENT5A/TNFAIP6/SOX9/DNAI3/TMEM119",8
"GO:0034390","smooth muscle cell apoptotic process","4/293","39/18986",0.102564102564103,6.6460138269012,4.41879263284674,0.00298785505173244,0.0470412044162815,0.0367008777489255,"ESR1/SLC7A5/LYPD3/IL12A",4
"GO:0050974","detection of mechanical stimulus involved in sensory perception","4/293","39/18986",0.102564102564103,6.6460138269012,4.41879263284674,0.00298785505173244,0.0470412044162815,0.0367008777489255,"CXCL12/ASIC2/PIEZO2/ITGA2",4
"GO:0043405","regulation of MAP kinase activity","7/293","123/18986",0.056910569105691,3.68772718443908,3.74396659527909,0.00300701344591398,0.0470412044162815,0.0367008777489255,"TRIB3/PDE5A/DUSP10/ADRA2A/IL34/NEK10/ROBO1",7
"GO:0055017","cardiac muscle tissue growth","6/293","92/18986",0.0652173913043478,4.22599792254044,3.8832526694961,0.00301748902278108,0.0470412044162815,0.0367008777489255,"FGFR2/TGFB2/WNT2/RGS4/TENM4/S1PR1",6
"GO:2000243","positive regulation of reproductive process","6/293","92/18986",0.0652173913043478,4.22599792254044,3.8832526694961,0.00301748902278108,0.0470412044162815,0.0367008777489255,"LFNG/VEGFA/SOX9/PDE5A/LHFPL2/NPM2",6
"GO:2000628","regulation of miRNA metabolic process","6/293","92/18986",0.0652173913043478,4.22599792254044,3.8832526694961,0.00301748902278108,0.0470412044162815,0.0367008777489255,"ESR1/TGFB2/VEGFA/NR3C1/SOX9/JUN",6
"GO:0071715","icosanoid transport","5/293","64/18986",0.078125,5.0623933447099,4.07556710134475,0.00306833062504596,0.0476258275278873,0.0371569923746984,"PTGS2/P2RX7/ABCC6/PLA2G4A/BDKRB2",5
"GO:1901888","regulation of cell junction assembly","11/293","268/18986",0.041044776119403,2.65964545871326,3.42572585456583,0.00310350655368096,0.0479632831023421,0.0374202704080192,"CYFIP2/LZTS1/ASIC2/VEGFA/FLRT3/EPHB2/LRRTM2/LRRN3/EPHB3/SLITRK6/COLQ",11
"GO:0030510","regulation of BMP signaling pathway","7/293","124/18986",0.0564516129032258,3.6579874490807,3.71765860856037,0.00314587010974319,0.0484084322921688,0.0377675694663361,"CHRDL2/ZNF423/TNFAIP6/GDF5/FST/SORL1/BMPER",7
"GO:0007416","synapse assembly","11/293","269/18986",0.0408921933085502,2.64975830087418,3.41175588996375,0.0031926388627741,0.0489172563952941,0.038164546785183,"CYFIP2/LZTS1/ASIC2/FLRT3/LRRC4/EPHB2/LRRTM2/LRRN3/EPHB3/SLITRK6/COLQ",11
"GO:0048873","homeostasis of number of cells within a tissue","4/293","40/18986",0.1,6.47986348122867,4.34350750480034,0.00328010449274264,0.0495424095300434,0.0386522823578048,"P2RX7/VEGFA/SOX9/TUBA1A",4
"GO:0015833","peptide transport","11/293","270/18986",0.0407407407407407,2.63994438124131,3.3978491249305,0.00328381781036589,0.0495424095300434,0.0386522823578048,"RAPGEF4/GPR68/ACVR1C/SOX4/PER2/CCN3/EPHA5/ADRA2A/ADCY8/ADORA1/PRKCE",11
"GO:0030278","regulation of ossification","7/293","125/18986",0.056,3.62872354948805,3.69162155134517,0.00328957477467983,0.0495424095300434,0.0386522823578048,"P2RX7/TENT5A/EGR2/SOX9/CCN3/S1PR1/TMEM119",7
"GO:0018105","peptidyl-serine phosphorylation","8/293","159/18986",0.050314465408805,3.26030866980059,3.58323556196006,0.00333027569283735,0.0495424095300434,0.0386522823578048,"CAMK2A/PTGS2/CLSPN/RASSF2/LIF/PLK2/SPTBN4/PRKCE",8
"GO:0045926","negative regulation of growth","10/293","232/18986",0.0431034482758621,2.79304460397787,3.44023205212344,0.00334404264841034,0.0495424095300434,0.0386522823578048,"BRCA1/SEMA3A/TGFB2/BDKRB1/RGS4/CDKN1A/GDF15/CCN3/SEMA6D/DUSP10",10
"GO:0021954","central nervous system neuron development","6/293","94/18986",0.0638297872340425,4.13608307312468,3.81603302597492,0.00335877245591868,0.0495424095300434,0.0386522823578048,"FGFR2/SCN1B/EPHB2/SPTBN4/ROBO1/EPHB3",6
"GO:1902107","positive regulation of leukocyte differentiation","9/293","195/18986",0.0461538461538462,2.99070622210554,3.49823629363338,0.0033729371430065,0.0495424095300434,0.0386522823578048,"GPR68/SOX4/TNFSF9/LIF/DUSP10/IL34/INPP5D/EGR3/SOCS1",9
"GO:1903708","positive regulation of hemopoiesis","9/293","195/18986",0.0461538461538462,2.99070622210554,3.49823629363338,0.0033729371430065,0.0495424095300434,0.0386522823578048,"GPR68/SOX4/TNFSF9/LIF/DUSP10/IL34/INPP5D/EGR3/SOCS1",9
"GO:0032956","regulation of actin cytoskeleton organization","13/293","352/18986",0.0369318181818182,2.39313139931741,3.30301065637491,0.00338710830677545,0.0495424095300434,0.0386522823578048,"CYFIP2/ARHGAP28/CORO2B/CXCL12/RND2/RGS4/CIT/AMOT/EPHA5/SPTBN4/DNAI3/S1PR1/PRKCE",13
"GO:0032332","positive regulation of chondrocyte differentiation","3/293","20/18986",0.15,9.719795221843,4.88464514063461,0.00341384670711224,0.0495424095300434,0.0386522823578048,"SOX9/GDF5/PRKG2",3
"GO:0045655","regulation of monocyte differentiation","3/293","20/18986",0.15,9.719795221843,4.88464514063461,0.00341384670711224,0.0495424095300434,0.0386522823578048,"GPR68/IL34/INPP5D",3
"GO:0055093","response to hyperoxia","3/293","20/18986",0.15,9.719795221843,4.88464514063461,0.00341384670711224,0.0495424095300434,0.0386522823578048,"SLC7A5/COL1A1/CDKN1A",3
"GO:0060602","branch elongation of an epithelium","3/293","20/18986",0.15,9.719795221843,4.88464514063461,0.00341384670711224,0.0495424095300434,0.0386522823578048,"FGFR2/ESR1/SOX9",3
"GO:0002688","regulation of leukocyte chemotaxis","7/293","126/18986",0.0555555555555556,3.59992415623815,3.66585021075534,0.00343823610861366,0.049694343756076,0.0387708192771862,"CXCL12/VEGFA/PGF/TNFAIP6/CCN3/IL34/IL12A",7
